malware_protection,privacy_concern,encryption_required,update_frequency,mfa_importance,user_permissions_control,remote_access_concern,secure_boot_importance,preferred_os,reason
Low,Low,No,Occasionally,High,Low,Moderate,Low,Linux,Linux is better for users who value customization and control.
High,High,Yes,Frequently,Moderate,Moderate,Moderate,Moderate,Windows,Windows is more suitable for general users.
High,Low,No,Rarely,Low,Moderate,Low,High,Linux,Linux is better for users who value customization and control.
High,Moderate,Yes,Frequently,Low,Moderate,Moderate,Low,Windows,Windows is more suitable for general users.
High,High,No,Occasionally,Moderate,Low,High,Low,Windows,Windows is more suitable for general users.
Low,Moderate,Yes,Rarely,High,High,Moderate,High,Linux,Linux is better for users who value customization and control.
Moderate,High,Yes,Rarely,High,Low,Moderate,High,Windows,Windows is more suitable for general users.
High,Moderate,Yes,Rarely,High,Low,High,Low,Windows,Windows is more suitable for general users.
Moderate,Moderate,No,Frequently,Moderate,Moderate,Moderate,Moderate,Linux,Linux is better for users who value customization and control.
Low,Low,Yes,Frequently,Low,Moderate,High,High,Windows,Windows is more suitable for general users.
Low,Moderate,Yes,Frequently,High,High,High,Moderate,Linux,Linux is better for users who value customization and control.
Moderate,High,Yes,Occasionally,High,High,High,Moderate,Linux,"Linux is ideal for users with high privacy concerns, requiring data encryption, and more control over user permissions."
High,Moderate,Yes,Frequently,High,Low,High,High,Windows,"Windows is better suited for users who prioritize high malware protection, frequent updates, and strong multi-factor authentication support."
Low,Moderate,No,Frequently,Low,Moderate,High,Low,Windows,Windows is more suitable for general users.
Moderate,Low,No,Rarely,High,Low,Low,High,Linux,Linux is better for users who value customization and control.
Moderate,Moderate,Yes,Rarely,Low,Moderate,High,Low,Linux,Linux is better for users who value customization and control.
Moderate,High,Yes,Frequently,Moderate,High,Moderate,Moderate,Linux,"Linux is ideal for users with high privacy concerns, requiring data encryption, and more control over user permissions."
High,Moderate,Yes,Rarely,Moderate,Moderate,High,Moderate,Windows,Windows is more suitable for general users.
High,Low,No,Occasionally,High,Moderate,Low,High,Linux,Linux is better for users who value customization and control.
High,Moderate,No,Occasionally,High,High,High,Moderate,Windows,Windows is more suitable for general users.
Moderate,Moderate,Yes,Occasionally,Low,High,Moderate,Low,Windows,Windows is more suitable for general users.
Low,High,No,Frequently,High,Moderate,High,Low,Linux,Linux is better for users who value customization and control.
Low,High,No,Occasionally,Moderate,Low,Low,High,Windows,Windows is more suitable for general users.
Low,Moderate,No,Occasionally,High,Low,Moderate,Low,Linux,Linux is better for users who value customization and control.
Moderate,High,Yes,Occasionally,Low,Moderate,High,Moderate,Linux,Linux is better for users who value customization and control.
High,High,No,Occasionally,Low,Moderate,Low,Low,Windows,Windows is more suitable for general users.
Moderate,High,Yes,Rarely,Low,High,Moderate,Low,Linux,"Linux is ideal for users with high privacy concerns, requiring data encryption, and more control over user permissions."
Low,Low,No,Occasionally,High,Moderate,High,Low,Windows,Windows is more suitable for general users.
High,High,No,Occasionally,Low,Moderate,High,Moderate,Windows,Windows is more suitable for general users.
Low,Moderate,No,Frequently,High,Moderate,High,Moderate,Linux,Linux is better for users who value customization and control.
Moderate,Low,No,Rarely,Moderate,Low,Moderate,Moderate,Windows,Windows is more suitable for general users.
Moderate,High,Yes,Occasionally,High,Low,Moderate,Low,Windows,Windows is more suitable for general users.
High,High,No,Frequently,Moderate,Low,Moderate,Low,Linux,Linux is better for users who value customization and control.
Low,High,No,Occasionally,Moderate,Moderate,Low,Low,Linux,Linux is better for users who value customization and control.
Low,High,Yes,Frequently,High,Moderate,Low,Low,Linux,Linux is better for users who value customization and control.
High,High,Yes,Occasionally,Low,Moderate,Low,Low,Windows,Windows is more suitable for general users.
Low,Low,No,Occasionally,Low,Moderate,High,Moderate,Windows,Windows is more suitable for general users.
Low,High,No,Occasionally,Moderate,Low,High,High,Linux,Linux is better for users who value customization and control.
Moderate,Low,No,Frequently,Low,Moderate,Moderate,Low,Linux,Linux is better for users who value customization and control.
Moderate,Moderate,Yes,Frequently,Moderate,High,High,Low,Windows,Windows is more suitable for general users.
High,Low,No,Frequently,High,Moderate,Low,Low,Windows,"Windows is better suited for users who prioritize high malware protection, frequent updates, and strong multi-factor authentication support."
High,Low,No,Rarely,Low,High,Low,Low,Linux,Linux is better for users who value customization and control.
Moderate,Low,No,Occasionally,Low,High,Moderate,High,Linux,Linux is better for users who value customization and control.
Moderate,Low,Yes,Rarely,Moderate,Moderate,Moderate,Low,Windows,Windows is more suitable for general users.
Low,Low,Yes,Frequently,High,Moderate,High,Moderate,Linux,Linux is better for users who value customization and control.
Low,Low,Yes,Frequently,Low,Moderate,Moderate,High,Windows,Windows is more suitable for general users.
Low,Moderate,No,Frequently,Moderate,Low,Low,Moderate,Linux,Linux is better for users who value customization and control.
Low,Moderate,Yes,Occasionally,Moderate,Moderate,Low,Moderate,Windows,Windows is more suitable for general users.
Low,Low,Yes,Frequently,Moderate,Low,High,Moderate,Linux,Linux is better for users who value customization and control.
Low,Low,No,Occasionally,Low,Low,High,Moderate,Windows,Windows is more suitable for general users.
Moderate,Moderate,Yes,Occasionally,Moderate,Low,Moderate,Moderate,Windows,Windows is more suitable for general users.
High,Moderate,Yes,Rarely,Low,High,Moderate,High,Windows,Windows is more suitable for general users.
Moderate,Low,Yes,Rarely,Moderate,Moderate,High,Low,Linux,Linux is better for users who value customization and control.
High,Low,No,Occasionally,Low,High,Moderate,High,Linux,Linux is better for users who value customization and control.
High,Moderate,Yes,Rarely,Moderate,Low,Low,Low,Windows,Windows is more suitable for general users.
Moderate,High,Yes,Frequently,Low,Low,Low,Moderate,Linux,Linux is better for users who value customization and control.
High,Low,No,Rarely,Moderate,High,Moderate,Low,Windows,Windows is more suitable for general users.
High,Moderate,Yes,Occasionally,Low,High,Moderate,High,Linux,Linux is better for users who value customization and control.
High,Low,No,Frequently,High,Low,Low,Low,Windows,"Windows is better suited for users who prioritize high malware protection, frequent updates, and strong multi-factor authentication support."
Low,High,Yes,Occasionally,Moderate,Low,Moderate,Low,Linux,Linux is better for users who value customization and control.
Low,Moderate,Yes,Rarely,Low,Moderate,Low,High,Windows,Windows is more suitable for general users.
Low,Moderate,No,Frequently,Low,High,Low,Moderate,Linux,Linux is better for users who value customization and control.
High,Low,No,Rarely,Low,Low,Low,High,Windows,Windows is more suitable for general users.
High,Low,No,Rarely,Low,Low,High,Moderate,Linux,Linux is better for users who value customization and control.
Low,High,No,Occasionally,Moderate,Moderate,Moderate,Moderate,Linux,Linux is better for users who value customization and control.
Moderate,High,Yes,Frequently,Low,Low,Low,Low,Windows,Windows is more suitable for general users.
High,Low,No,Occasionally,Moderate,Low,Moderate,Low,Windows,Windows is more suitable for general users.
Moderate,High,Yes,Rarely,High,High,Moderate,Low,Linux,"Linux is ideal for users with high privacy concerns, requiring data encryption, and more control over user permissions."
Low,Moderate,No,Frequently,High,Low,Moderate,High,Linux,Linux is better for users who value customization and control.
Low,Low,No,Rarely,Low,High,Moderate,Low,Windows,Windows is more suitable for general users.
Moderate,Low,Yes,Rarely,Low,Low,Moderate,High,Windows,Windows is more suitable for general users.
Low,High,No,Occasionally,Moderate,Low,Moderate,Low,Linux,Linux is better for users who value customization and control.
Moderate,Low,No,Rarely,Low,Moderate,High,Moderate,Linux,Linux is better for users who value customization and control.
Moderate,Moderate,Yes,Rarely,High,High,High,Moderate,Windows,Windows is more suitable for general users.
Moderate,High,Yes,Rarely,Low,High,Moderate,High,Linux,"Linux is ideal for users with high privacy concerns, requiring data encryption, and more control over user permissions."
Low,Low,Yes,Occasionally,High,Moderate,Low,Low,Windows,Windows is more suitable for general users.
High,High,Yes,Rarely,High,Low,Moderate,Low,Windows,Windows is more suitable for general users.
Moderate,High,Yes,Frequently,High,Low,Low,Moderate,Windows,Windows is more suitable for general users.
Low,Moderate,No,Rarely,Low,High,High,High,Windows,Windows is more suitable for general users.
High,High,Yes,Frequently,Low,Moderate,Moderate,Low,Linux,Linux is better for users who value customization and control.
Low,High,Yes,Occasionally,High,High,High,Low,Linux,"Linux is ideal for users with high privacy concerns, requiring data encryption, and more control over user permissions."
High,Moderate,Yes,Occasionally,High,Low,Moderate,Moderate,Windows,Windows is more suitable for general users.
Moderate,Moderate,No,Frequently,Moderate,Moderate,Moderate,Low,Windows,Windows is more suitable for general users.
Low,Low,Yes,Occasionally,Moderate,Moderate,High,Moderate,Windows,Windows is more suitable for general users.
High,Moderate,Yes,Frequently,Low,Low,Moderate,Low,Linux,Linux is better for users who value customization and control.
Low,Low,No,Occasionally,Low,High,Moderate,High,Windows,Windows is more suitable for general users.
High,Low,No,Frequently,Moderate,Low,Moderate,Moderate,Linux,Linux is better for users who value customization and control.
High,High,Yes,Rarely,Moderate,Low,Moderate,Moderate,Windows,Windows is more suitable for general users.
Low,High,No,Frequently,High,Moderate,High,Moderate,Linux,Linux is better for users who value customization and control.
Moderate,High,No,Occasionally,Moderate,Low,High,Moderate,Windows,Windows is more suitable for general users.
High,Low,Yes,Occasionally,Moderate,High,High,Low,Windows,Windows is more suitable for general users.
High,Low,Yes,Rarely,Moderate,Moderate,Low,Moderate,Linux,Linux is better for users who value customization and control.
High,Moderate,No,Frequently,Moderate,Low,Moderate,Low,Windows,Windows is more suitable for general users.
High,Low,Yes,Frequently,Low,Low,Low,Low,Linux,Linux is better for users who value customization and control.
Moderate,Low,No,Occasionally,Low,Moderate,Low,Low,Windows,Windows is more suitable for general users.
High,High,Yes,Frequently,Moderate,Moderate,Low,Moderate,Linux,Linux is better for users who value customization and control.
High,Moderate,No,Occasionally,High,Low,High,Low,Windows,Windows is more suitable for general users.
High,Moderate,Yes,Occasionally,Moderate,Moderate,Moderate,High,Windows,Windows is more suitable for general users.
Low,High,No,Occasionally,Low,High,High,Moderate,Windows,Windows is more suitable for general users.
Low,High,Yes,Rarely,Low,Moderate,Moderate,High,Windows,Windows is more suitable for general users.
